Molecule,NegativeVolume
hf,206994.55216817607
AQ7000_222_SI_2B,6154008.353007332
AQ7000_222_SI_B,5970710.388118666
h2o,8826.933511624135
AQ7000_222_O_B,5733276.185398325
